{
	"format_version": "1.21.6",
	"credit": "Made with Blockbench",
	"textures": {
		"0": "item/wooden_hoe",
		"particle": "item/wooden_hoe"
	},
	"elements": [
		{
			"from": [7, 1, 12],
			"to": [9, 3, 14],
			"rotation": {"angle": 0, "axis": "y", "origin": [7, 1, 12]},
			"faces": {
				"north": {"uv": [6, 10, 8, 12], "texture": "#0"},
				"east": {"uv": [10, 6, 12, 8], "texture": "#0"},
				"south": {"uv": [8, 10, 10, 12], "texture": "#0"},
				"west": {"uv": [10, 10, 12, 12], "texture": "#0"},
				"up": {"uv": [14, 2, 12, 0], "texture": "#0"},
				"down": {"uv": [14, 2, 12, 4], "texture": "#0"}
			}
		},
		{
			"from": [7, 0, 3],
			"to": [9, 2, 13],
			"rotation": {"angle": 0, "axis": "y", "origin": [7, 2, 7]},
			"faces": {
				"north": {"uv": [4, 12, 6, 14], "texture": "#0"},
				"east": {"uv": [0, 0, 10, 2], "texture": "#0"},
				"south": {"uv": [12, 4, 14, 6], "texture": "#0"},
				"west": {"uv": [0, 2, 10, 4], "texture": "#0"},
				"up": {"uv": [2, 14, 0, 4], "texture": "#0"},
				"down": {"uv": [4, 4, 2, 14], "texture": "#0"}
			}
		},
		{
			"from": [7, -1, 2],
			"to": [9, 1, 4],
			"rotation": {"angle": 0, "axis": "y", "origin": [7, -1, 2]},
			"faces": {
				"north": {"uv": [6, 12, 8, 14], "texture": "#0"},
				"east": {"uv": [12, 6, 14, 8], "texture": "#0"},
				"south": {"uv": [8, 12, 10, 14], "texture": "#0"},
				"west": {"uv": [12, 8, 14, 10], "texture": "#0"},
				"up": {"uv": [12, 14, 10, 12], "texture": "#0"},
				"down": {"uv": [14, 10, 12, 12], "texture": "#0"}
			}
		},
		{
			"from": [7, 2, 13],
			"to": [9, 5.5, 15],
			"rotation": {"angle": 0, "axis": "y", "origin": [7, 2, 13]},
			"faces": {
				"north": {"uv": [4, 4, 6, 7.5], "texture": "#0"},
				"east": {"uv": [6, 4, 8, 7.5], "texture": "#0"},
				"south": {"uv": [4, 8, 6, 11.5], "texture": "#0"},
				"west": {"uv": [8, 4, 10, 7.5], "texture": "#0"},
				"up": {"uv": [14, 14, 12, 12], "texture": "#0"},
				"down": {"uv": [2, 14, 0, 16], "texture": "#0"}
			}
		}
	],
	"display": {
		"thirdperson_righthand": {
			"translation": [1.75, 6.75, 0],
			"scale": [0.21484, 0.21484, 0.21484]
		},
		"thirdperson_lefthand": {
			"translation": [-1.75, 6.75, 0]
		},
		"firstperson_righthand": {
			"translation": [1.25, 1.75, 0],
			"scale": [0.09375, 0.09375, 0.09375]
		},
		"firstperson_lefthand": {
			"translation": [1.25, 1.5, 0],
			"scale": [0.13477, 0.13477, 0.13477]
		},
		"ground": {
			"translation": [0, 5.25, 0]
		},
		"gui": {
			"rotation": [-5.78, 89.3, 117.01],
			"translation": [0.25, 0, 0]
		},
		"head": {
			"translation": [0, 13.75, 0]
		},
		"fixed": {
			"rotation": [88.32, -89.75, 178.07],
			"translation": [0, 2, -6]
		}
	},
	"groups": [
		{
			"name": "group",
			"origin": [8, 8, 8],
			"color": 0,
			"children": [0, 1, 2, 3]
		}
	],
	"meta": {
		"format_version": "4.10",
		"model_format": "free",
		"box_uv": false
	},
	"name": "white_dye",
	"model_identifier": "",
	"visible_box": [1, 1, 0],
	"variable_placeholders": "",
	"variable_placeholder_buttons": [],
	"timeline_setups": [],
	"unhandled_root_fields": {},
	"resolution": {
		"width": 16,
		"height": 16
	},
	"outliner": [
		{
			"name": "bone",
			"origin": [0, 0, 2],
			"color": 0,
			"uuid": "83a8047b-3deb-c50c-f386-450da8cb8d89",
			"export": true,
			"mirror_uv": false,
			"isOpen": true,
			"locked": false,
			"visibility": true,
			"autouv": 0,
			"selected": false,
			"children": [
				"ad0b31a9-8969-18cb-6b81-8b81725d5cae",
				"a997b3ea-bfca-49c8-27ca-544194173485",
				"32a7527d-8637-84ab-baf4-b7d824e00020",
				"07954683-10c1-9034-0873-1817ad8d962d",
				"bd760ca9-3367-2c13-18a4-e5fa58ead4a4"
			]
		}
	]
}